,rebalance_date,ticker,weight
0,2023-03-31,TSLA,0.02
1,2023-03-31,AAPL,0.02
2,2023-03-31,AMZN,0.02
3,2023-03-31,NVDA,0.02
4,2023-03-31,MSFT,0.02
5,2023-03-31,AMD,0.02
6,2023-03-31,META,0.02
7,2023-03-31,GOOGL,0.02
8,2023-03-31,NFLX,0.02
9,2023-03-31,GOOG,0.02
10,2023-03-31,BABA,0.02
11,2023-03-31,XOM,0.02
12,2023-03-31,CVX,0.02
13,2023-03-31,DIS,0.02
14,2023-03-31,CRM,0.02
15,2023-03-31,JPM,0.02
16,2023-03-31,BAC,0.02
17,2023-03-31,AVGO,0.02
18,2023-03-31,TSM,0.02
19,2023-03-31,PYPL,0.02
20,2023-03-31,INTC,0.02
21,2023-03-31,PFE,0.02
22,2023-03-31,QCOM,0.02
23,2023-03-31,MRK,0.02
24,2023-03-31,VZ,0.02
25,2023-03-31,WMT,0.02
26,2023-03-31,NKE,0.02
27,2023-03-31,MU,0.02
28,2023-03-31,CSCO,0.02
29,2023-03-31,C,0.02
30,2023-03-31,SHOP,0.02
31,2023-03-31,XYZ,0.02
32,2023-03-31,OXY,0.02
33,2023-03-31,CMCSA,0.02
34,2023-03-31,WFC,0.02
35,2023-03-31,PEP,0.02
36,2023-03-31,SNOW,0.02
37,2023-03-31,KO,0.02
38,2023-03-31,COIN,0.02
39,2023-03-31,T,0.02
40,2023-03-31,CVS,0.02
41,2023-03-31,INTU,0.02
42,2023-03-31,LRCX,0.02
43,2023-03-31,F,0.02
44,2023-03-31,SBUX,0.02
45,2023-03-31,BMY,0.02
46,2023-03-31,NOW,0.02
47,2023-03-31,MS,0.02
48,2023-03-31,NIO,0.02
49,2023-03-31,SCHW,0.02
50,2023-04-28,TSLA,0.02
51,2023-04-28,AAPL,0.02
52,2023-04-28,AMZN,0.02
53,2023-04-28,NVDA,0.02
54,2023-04-28,MSFT,0.02
55,2023-04-28,AMD,0.02
56,2023-04-28,META,0.02
57,2023-04-28,GOOGL,0.02
58,2023-04-28,NFLX,0.02
59,2023-04-28,GOOG,0.02
60,2023-04-28,BABA,0.02
61,2023-04-28,XOM,0.02
62,2023-04-28,CVX,0.02
63,2023-04-28,DIS,0.02
64,2023-04-28,CRM,0.02
65,2023-04-28,JPM,0.02
66,2023-04-28,BAC,0.02
67,2023-04-28,AVGO,0.02
68,2023-04-28,TSM,0.02
69,2023-04-28,PYPL,0.02
70,2023-04-28,INTC,0.02
71,2023-04-28,PFE,0.02
72,2023-04-28,QCOM,0.02
73,2023-04-28,MRK,0.02
74,2023-04-28,VZ,0.02
75,2023-04-28,WMT,0.02
76,2023-04-28,NKE,0.02
77,2023-04-28,MU,0.02
78,2023-04-28,CSCO,0.02
79,2023-04-28,C,0.02
80,2023-04-28,SHOP,0.02
81,2023-04-28,XYZ,0.02
82,2023-04-28,OXY,0.02
83,2023-04-28,CMCSA,0.02
84,2023-04-28,WFC,0.02
85,2023-04-28,PEP,0.02
86,2023-04-28,SNOW,0.02
87,2023-04-28,KO,0.02
88,2023-04-28,COIN,0.02
89,2023-04-28,T,0.02
90,2023-04-28,CVS,0.02
91,2023-04-28,INTU,0.02
92,2023-04-28,LRCX,0.02
93,2023-04-28,F,0.02
94,2023-04-28,SBUX,0.02
95,2023-04-28,BMY,0.02
96,2023-04-28,NOW,0.02
97,2023-04-28,MS,0.02
98,2023-04-28,NIO,0.02
99,2023-04-28,SCHW,0.02
100,2023-05-31,TSLA,0.02
101,2023-05-31,AAPL,0.02
102,2023-05-31,AMZN,0.02
103,2023-05-31,NVDA,0.02
104,2023-05-31,MSFT,0.02
105,2023-05-31,AMD,0.02
106,2023-05-31,META,0.02
107,2023-05-31,GOOGL,0.02
108,2023-05-31,NFLX,0.02
109,2023-05-31,GOOG,0.02
110,2023-05-31,BABA,0.02
111,2023-05-31,XOM,0.02
112,2023-05-31,CVX,0.02
113,2023-05-31,DIS,0.02
114,2023-05-31,CRM,0.02
115,2023-05-31,JPM,0.02
116,2023-05-31,BAC,0.02
117,2023-05-31,AVGO,0.02
118,2023-05-31,TSM,0.02
119,2023-05-31,PYPL,0.02
120,2023-05-31,INTC,0.02
121,2023-05-31,PFE,0.02
122,2023-05-31,QCOM,0.02
123,2023-05-31,MRK,0.02
124,2023-05-31,VZ,0.02
125,2023-05-31,WMT,0.02
126,2023-05-31,NKE,0.02
127,2023-05-31,MU,0.02
128,2023-05-31,CSCO,0.02
129,2023-05-31,C,0.02
130,2023-05-31,SHOP,0.02
131,2023-05-31,XYZ,0.02
132,2023-05-31,OXY,0.02
133,2023-05-31,CMCSA,0.02
134,2023-05-31,WFC,0.02
135,2023-05-31,PEP,0.02
136,2023-05-31,SNOW,0.02
137,2023-05-31,KO,0.02
138,2023-05-31,COIN,0.02
139,2023-05-31,T,0.02
140,2023-05-31,CVS,0.02
141,2023-05-31,INTU,0.02
142,2023-05-31,LRCX,0.02
143,2023-05-31,F,0.02
144,2023-05-31,SBUX,0.02
145,2023-05-31,BMY,0.02
146,2023-05-31,NOW,0.02
147,2023-05-31,MS,0.02
148,2023-05-31,NIO,0.02
149,2023-05-31,SCHW,0.02
150,2023-06-30,TSLA,0.02
151,2023-06-30,AAPL,0.02
152,2023-06-30,AMZN,0.02
153,2023-06-30,NVDA,0.02
154,2023-06-30,MSFT,0.02
155,2023-06-30,AMD,0.02
156,2023-06-30,META,0.02
157,2023-06-30,GOOGL,0.02
158,2023-06-30,NFLX,0.02
159,2023-06-30,GOOG,0.02
160,2023-06-30,BABA,0.02
161,2023-06-30,XOM,0.02
162,2023-06-30,CVX,0.02
163,2023-06-30,DIS,0.02
164,2023-06-30,CRM,0.02
165,2023-06-30,JPM,0.02
166,2023-06-30,BAC,0.02
167,2023-06-30,AVGO,0.02
168,2023-06-30,TSM,0.02
169,2023-06-30,PYPL,0.02
170,2023-06-30,INTC,0.02
171,2023-06-30,PFE,0.02
172,2023-06-30,QCOM,0.02
173,2023-06-30,MRK,0.02
174,2023-06-30,VZ,0.02
175,2023-06-30,WMT,0.02
176,2023-06-30,NKE,0.02
177,2023-06-30,MU,0.02
178,2023-06-30,CSCO,0.02
179,2023-06-30,C,0.02
180,2023-06-30,SHOP,0.02
181,2023-06-30,XYZ,0.02
182,2023-06-30,OXY,0.02
183,2023-06-30,CMCSA,0.02
184,2023-06-30,WFC,0.02
185,2023-06-30,PEP,0.02
186,2023-06-30,SNOW,0.02
187,2023-06-30,KO,0.02
188,2023-06-30,COIN,0.02
189,2023-06-30,T,0.02
190,2023-06-30,CVS,0.02
191,2023-06-30,INTU,0.02
192,2023-06-30,LRCX,0.02
193,2023-06-30,F,0.02
194,2023-06-30,SBUX,0.02
195,2023-06-30,BMY,0.02
196,2023-06-30,NOW,0.02
197,2023-06-30,MS,0.02
198,2023-06-30,NIO,0.02
199,2023-06-30,SCHW,0.02
200,2023-07-31,TSLA,0.02
201,2023-07-31,AAPL,0.02
202,2023-07-31,AMZN,0.02
203,2023-07-31,NVDA,0.02
204,2023-07-31,MSFT,0.02
205,2023-07-31,AMD,0.02
206,2023-07-31,META,0.02
207,2023-07-31,GOOGL,0.02
208,2023-07-31,NFLX,0.02
209,2023-07-31,GOOG,0.02
210,2023-07-31,BABA,0.02
211,2023-07-31,XOM,0.02
212,2023-07-31,CVX,0.02
213,2023-07-31,DIS,0.02
214,2023-07-31,CRM,0.02
215,2023-07-31,JPM,0.02
216,2023-07-31,BAC,0.02
217,2023-07-31,AVGO,0.02
218,2023-07-31,TSM,0.02
219,2023-07-31,PYPL,0.02
220,2023-07-31,INTC,0.02
221,2023-07-31,PFE,0.02
222,2023-07-31,QCOM,0.02
223,2023-07-31,MRK,0.02
224,2023-07-31,VZ,0.02
225,2023-07-31,WMT,0.02
226,2023-07-31,NKE,0.02
227,2023-07-31,MU,0.02
228,2023-07-31,CSCO,0.02
229,2023-07-31,C,0.02
230,2023-07-31,SHOP,0.02
231,2023-07-31,XYZ,0.02
232,2023-07-31,OXY,0.02
233,2023-07-31,CMCSA,0.02
234,2023-07-31,WFC,0.02
235,2023-07-31,PEP,0.02
236,2023-07-31,SNOW,0.02
237,2023-07-31,KO,0.02
238,2023-07-31,COIN,0.02
239,2023-07-31,T,0.02
240,2023-07-31,CVS,0.02
241,2023-07-31,INTU,0.02
242,2023-07-31,LRCX,0.02
243,2023-07-31,F,0.02
244,2023-07-31,SBUX,0.02
245,2023-07-31,BMY,0.02
246,2023-07-31,NOW,0.02
247,2023-07-31,MS,0.02
248,2023-07-31,NIO,0.02
249,2023-07-31,SCHW,0.02
250,2023-08-31,TSLA,0.02
251,2023-08-31,AAPL,0.02
252,2023-08-31,AMZN,0.02
253,2023-08-31,NVDA,0.02
254,2023-08-31,MSFT,0.02
255,2023-08-31,AMD,0.02
256,2023-08-31,META,0.02
257,2023-08-31,GOOGL,0.02
258,2023-08-31,NFLX,0.02
259,2023-08-31,GOOG,0.02
260,2023-08-31,BABA,0.02
261,2023-08-31,XOM,0.02
262,2023-08-31,CVX,0.02
263,2023-08-31,DIS,0.02
264,2023-08-31,CRM,0.02
265,2023-08-31,JPM,0.02
266,2023-08-31,BAC,0.02
267,2023-08-31,AVGO,0.02
268,2023-08-31,TSM,0.02
269,2023-08-31,PYPL,0.02
270,2023-08-31,INTC,0.02
271,2023-08-31,PFE,0.02
272,2023-08-31,QCOM,0.02
273,2023-08-31,MRK,0.02
274,2023-08-31,VZ,0.02
275,2023-08-31,WMT,0.02
276,2023-08-31,NKE,0.02
277,2023-08-31,MU,0.02
278,2023-08-31,CSCO,0.02
279,2023-08-31,C,0.02
280,2023-08-31,SHOP,0.02
281,2023-08-31,XYZ,0.02
282,2023-08-31,OXY,0.02
283,2023-08-31,CMCSA,0.02
284,2023-08-31,WFC,0.02
285,2023-08-31,PEP,0.02
286,2023-08-31,SNOW,0.02
287,2023-08-31,KO,0.02
288,2023-08-31,COIN,0.02
289,2023-08-31,T,0.02
290,2023-08-31,CVS,0.02
291,2023-08-31,INTU,0.02
292,2023-08-31,LRCX,0.02
293,2023-08-31,F,0.02
294,2023-08-31,SBUX,0.02
295,2023-08-31,BMY,0.02
296,2023-08-31,NOW,0.02
297,2023-08-31,MS,0.02
298,2023-08-31,NIO,0.02
299,2023-08-31,SCHW,0.02
300,2023-09-29,TSLA,0.02
301,2023-09-29,AAPL,0.02
302,2023-09-29,AMZN,0.02
303,2023-09-29,NVDA,0.02
304,2023-09-29,MSFT,0.02
305,2023-09-29,AMD,0.02
306,2023-09-29,META,0.02
307,2023-09-29,GOOGL,0.02
308,2023-09-29,NFLX,0.02
309,2023-09-29,GOOG,0.02
310,2023-09-29,BABA,0.02
311,2023-09-29,XOM,0.02
312,2023-09-29,CVX,0.02
313,2023-09-29,DIS,0.02
314,2023-09-29,CRM,0.02
315,2023-09-29,JPM,0.02
316,2023-09-29,BAC,0.02
317,2023-09-29,AVGO,0.02
318,2023-09-29,TSM,0.02
319,2023-09-29,PYPL,0.02
320,2023-09-29,INTC,0.02
321,2023-09-29,PFE,0.02
322,2023-09-29,QCOM,0.02
323,2023-09-29,MRK,0.02
324,2023-09-29,VZ,0.02
325,2023-09-29,WMT,0.02
326,2023-09-29,NKE,0.02
327,2023-09-29,MU,0.02
328,2023-09-29,CSCO,0.02
329,2023-09-29,C,0.02
330,2023-09-29,SHOP,0.02
331,2023-09-29,XYZ,0.02
332,2023-09-29,OXY,0.02
333,2023-09-29,CMCSA,0.02
334,2023-09-29,WFC,0.02
335,2023-09-29,PEP,0.02
336,2023-09-29,SNOW,0.02
337,2023-09-29,KO,0.02
338,2023-09-29,COIN,0.02
339,2023-09-29,T,0.02
340,2023-09-29,CVS,0.02
341,2023-09-29,INTU,0.02
342,2023-09-29,LRCX,0.02
343,2023-09-29,F,0.02
344,2023-09-29,SBUX,0.02
345,2023-09-29,BMY,0.02
346,2023-09-29,NOW,0.02
347,2023-09-29,MS,0.02
348,2023-09-29,NIO,0.02
349,2023-09-29,SCHW,0.02
350,2023-10-31,TSLA,0.02
351,2023-10-31,AAPL,0.02
352,2023-10-31,AMZN,0.02
353,2023-10-31,NVDA,0.02
354,2023-10-31,MSFT,0.02
355,2023-10-31,AMD,0.02
356,2023-10-31,META,0.02
357,2023-10-31,GOOGL,0.02
358,2023-10-31,NFLX,0.02
359,2023-10-31,GOOG,0.02
360,2023-10-31,BABA,0.02
361,2023-10-31,XOM,0.02
362,2023-10-31,CVX,0.02
363,2023-10-31,DIS,0.02
364,2023-10-31,CRM,0.02
365,2023-10-31,JPM,0.02
366,2023-10-31,BAC,0.02
367,2023-10-31,AVGO,0.02
368,2023-10-31,TSM,0.02
369,2023-10-31,PYPL,0.02
370,2023-10-31,INTC,0.02
371,2023-10-31,PFE,0.02
372,2023-10-31,QCOM,0.02
373,2023-10-31,MRK,0.02
374,2023-10-31,VZ,0.02
375,2023-10-31,WMT,0.02
376,2023-10-31,NKE,0.02
377,2023-10-31,MU,0.02
378,2023-10-31,CSCO,0.02
379,2023-10-31,C,0.02
380,2023-10-31,SHOP,0.02
381,2023-10-31,XYZ,0.02
382,2023-10-31,OXY,0.02
383,2023-10-31,CMCSA,0.02
384,2023-10-31,WFC,0.02
385,2023-10-31,PEP,0.02
386,2023-10-31,SNOW,0.02
387,2023-10-31,KO,0.02
388,2023-10-31,COIN,0.02
389,2023-10-31,T,0.02
390,2023-10-31,CVS,0.02
391,2023-10-31,INTU,0.02
392,2023-10-31,LRCX,0.02
393,2023-10-31,F,0.02
394,2023-10-31,SBUX,0.02
395,2023-10-31,BMY,0.02
396,2023-10-31,NOW,0.02
397,2023-10-31,MS,0.02
398,2023-10-31,NIO,0.02
399,2023-10-31,SCHW,0.02
400,2023-11-30,TSLA,0.02
401,2023-11-30,AAPL,0.02
402,2023-11-30,AMZN,0.02
403,2023-11-30,NVDA,0.02
404,2023-11-30,MSFT,0.02
405,2023-11-30,AMD,0.02
406,2023-11-30,META,0.02
407,2023-11-30,GOOGL,0.02
408,2023-11-30,NFLX,0.02
409,2023-11-30,GOOG,0.02
410,2023-11-30,BABA,0.02
411,2023-11-30,XOM,0.02
412,2023-11-30,CVX,0.02
413,2023-11-30,DIS,0.02
414,2023-11-30,CRM,0.02
415,2023-11-30,JPM,0.02
416,2023-11-30,BAC,0.02
417,2023-11-30,AVGO,0.02
418,2023-11-30,TSM,0.02
419,2023-11-30,PYPL,0.02
420,2023-11-30,INTC,0.02
421,2023-11-30,PFE,0.02
422,2023-11-30,QCOM,0.02
423,2023-11-30,MRK,0.02
424,2023-11-30,VZ,0.02
425,2023-11-30,WMT,0.02
426,2023-11-30,NKE,0.02
427,2023-11-30,MU,0.02
428,2023-11-30,CSCO,0.02
429,2023-11-30,C,0.02
430,2023-11-30,SHOP,0.02
431,2023-11-30,XYZ,0.02
432,2023-11-30,OXY,0.02
433,2023-11-30,CMCSA,0.02
434,2023-11-30,WFC,0.02
435,2023-11-30,PEP,0.02
436,2023-11-30,SNOW,0.02
437,2023-11-30,KO,0.02
438,2023-11-30,COIN,0.02
439,2023-11-30,T,0.02
440,2023-11-30,CVS,0.02
441,2023-11-30,INTU,0.02
442,2023-11-30,LRCX,0.02
443,2023-11-30,F,0.02
444,2023-11-30,SBUX,0.02
445,2023-11-30,BMY,0.02
446,2023-11-30,NOW,0.02
447,2023-11-30,MS,0.02
448,2023-11-30,NIO,0.02
449,2023-11-30,SCHW,0.02
450,2023-12-29,TSLA,0.02
451,2023-12-29,AAPL,0.02
452,2023-12-29,AMZN,0.02
453,2023-12-29,NVDA,0.02
454,2023-12-29,MSFT,0.02
455,2023-12-29,AMD,0.02
456,2023-12-29,META,0.02
457,2023-12-29,GOOGL,0.02
458,2023-12-29,NFLX,0.02
459,2023-12-29,GOOG,0.02
460,2023-12-29,BABA,0.02
461,2023-12-29,XOM,0.02
462,2023-12-29,CVX,0.02
463,2023-12-29,DIS,0.02
464,2023-12-29,CRM,0.02
465,2023-12-29,JPM,0.02
466,2023-12-29,BAC,0.02
467,2023-12-29,AVGO,0.02
468,2023-12-29,TSM,0.02
469,2023-12-29,PYPL,0.02
470,2023-12-29,INTC,0.02
471,2023-12-29,PFE,0.02
472,2023-12-29,QCOM,0.02
473,2023-12-29,MRK,0.02
474,2023-12-29,VZ,0.02
475,2023-12-29,WMT,0.02
476,2023-12-29,NKE,0.02
477,2023-12-29,MU,0.02
478,2023-12-29,CSCO,0.02
479,2023-12-29,C,0.02
480,2023-12-29,SHOP,0.02
481,2023-12-29,XYZ,0.02
482,2023-12-29,OXY,0.02
483,2023-12-29,CMCSA,0.02
484,2023-12-29,WFC,0.02
485,2023-12-29,PEP,0.02
486,2023-12-29,SNOW,0.02
487,2023-12-29,KO,0.02
488,2023-12-29,COIN,0.02
489,2023-12-29,T,0.02
490,2023-12-29,CVS,0.02
491,2023-12-29,INTU,0.02
492,2023-12-29,LRCX,0.02
493,2023-12-29,F,0.02
494,2023-12-29,SBUX,0.02
495,2023-12-29,BMY,0.02
496,2023-12-29,NOW,0.02
497,2023-12-29,MS,0.02
498,2023-12-29,NIO,0.02
499,2023-12-29,SCHW,0.02
500,2024-01-31,TSLA,0.02
501,2024-01-31,NVDA,0.02
502,2024-01-31,AAPL,0.02
503,2024-01-31,AMD,0.02
504,2024-01-31,MSFT,0.02
505,2024-01-31,AMZN,0.02
506,2024-01-31,META,0.02
507,2024-01-31,GOOGL,0.02
508,2024-01-31,AVGO,0.02
509,2024-01-31,GOOG,0.02
510,2024-01-31,NFLX,0.02
511,2024-01-31,XOM,0.02
512,2024-01-31,INTC,0.02
513,2024-01-31,UBER,0.02
514,2024-01-31,COIN,0.02
515,2024-01-31,SMCI,0.02
516,2024-01-31,BABA,0.02
517,2024-01-31,CVX,0.02
518,2024-01-31,JPM,0.02
519,2024-01-31,CRM,0.02
520,2024-01-31,BAC,0.02
521,2024-01-31,MARA,0.02
522,2024-01-31,PFE,0.02
523,2024-01-31,WMT,0.02
524,2024-01-31,QCOM,0.02
525,2024-01-31,DIS,0.02
526,2024-01-31,MU,0.02
527,2024-01-31,TSM,0.02
528,2024-01-31,PYPL,0.02
529,2024-01-31,PLTR,0.02
530,2024-01-31,ORCL,0.02
531,2024-01-31,CSCO,0.02
532,2024-01-31,NKE,0.02
533,2024-01-31,SNOW,0.02
534,2024-01-31,C,0.02
535,2024-01-31,MRK,0.02
536,2024-01-31,PEP,0.02
537,2024-01-31,SBUX,0.02
538,2024-01-31,KO,0.02
539,2024-01-31,NOW,0.02
540,2024-01-31,VZ,0.02
541,2024-01-31,WFC,0.02
542,2024-01-31,CMCSA,0.02
543,2024-01-31,SHOP,0.02
544,2024-01-31,INTU,0.02
545,2024-01-31,BMY,0.02
546,2024-01-31,LRCX,0.02
547,2024-01-31,XYZ,0.02
548,2024-01-31,AFRM,0.02
549,2024-01-31,CVS,0.02
550,2024-02-29,TSLA,0.02
551,2024-02-29,NVDA,0.02
552,2024-02-29,AAPL,0.02
553,2024-02-29,AMD,0.02
554,2024-02-29,MSFT,0.02
555,2024-02-29,AMZN,0.02
556,2024-02-29,META,0.02
557,2024-02-29,GOOGL,0.02
558,2024-02-29,AVGO,0.02
559,2024-02-29,GOOG,0.02
560,2024-02-29,NFLX,0.02
561,2024-02-29,XOM,0.02
562,2024-02-29,INTC,0.02
563,2024-02-29,UBER,0.02
564,2024-02-29,COIN,0.02
565,2024-02-29,SMCI,0.02
566,2024-02-29,BABA,0.02
567,2024-02-29,CVX,0.02
568,2024-02-29,JPM,0.02
569,2024-02-29,CRM,0.02
570,2024-02-29,BAC,0.02
571,2024-02-29,MARA,0.02
572,2024-02-29,PFE,0.02
573,2024-02-29,WMT,0.02
574,2024-02-29,QCOM,0.02
575,2024-02-29,DIS,0.02
576,2024-02-29,MU,0.02
577,2024-02-29,TSM,0.02
578,2024-02-29,PYPL,0.02
579,2024-02-29,PLTR,0.02
580,2024-02-29,ORCL,0.02
581,2024-02-29,CSCO,0.02
582,2024-02-29,NKE,0.02
583,2024-02-29,SNOW,0.02
584,2024-02-29,C,0.02
585,2024-02-29,MRK,0.02
586,2024-02-29,PEP,0.02
587,2024-02-29,SBUX,0.02
588,2024-02-29,KO,0.02
589,2024-02-29,NOW,0.02
590,2024-02-29,VZ,0.02
591,2024-02-29,WFC,0.02
592,2024-02-29,CMCSA,0.02
593,2024-02-29,SHOP,0.02
594,2024-02-29,INTU,0.02
595,2024-02-29,BMY,0.02
596,2024-02-29,LRCX,0.02
597,2024-02-29,XYZ,0.02
598,2024-02-29,AFRM,0.02
599,2024-02-29,CVS,0.02
600,2024-03-28,TSLA,0.02
601,2024-03-28,NVDA,0.02
602,2024-03-28,AAPL,0.02
603,2024-03-28,AMD,0.02
604,2024-03-28,MSFT,0.02
605,2024-03-28,AMZN,0.02
606,2024-03-28,META,0.02
607,2024-03-28,GOOGL,0.02
608,2024-03-28,AVGO,0.02
609,2024-03-28,GOOG,0.02
610,2024-03-28,NFLX,0.02
611,2024-03-28,XOM,0.02
612,2024-03-28,INTC,0.02
613,2024-03-28,UBER,0.02
614,2024-03-28,COIN,0.02
615,2024-03-28,SMCI,0.02
616,2024-03-28,BABA,0.02
617,2024-03-28,CVX,0.02
618,2024-03-28,JPM,0.02
619,2024-03-28,CRM,0.02
620,2024-03-28,BAC,0.02
621,2024-03-28,MARA,0.02
622,2024-03-28,PFE,0.02
623,2024-03-28,WMT,0.02
624,2024-03-28,QCOM,0.02
625,2024-03-28,DIS,0.02
626,2024-03-28,MU,0.02
627,2024-03-28,TSM,0.02
628,2024-03-28,PYPL,0.02
629,2024-03-28,PLTR,0.02
630,2024-03-28,ORCL,0.02
631,2024-03-28,CSCO,0.02
632,2024-03-28,NKE,0.02
633,2024-03-28,SNOW,0.02
634,2024-03-28,C,0.02
635,2024-03-28,MRK,0.02
636,2024-03-28,PEP,0.02
637,2024-03-28,SBUX,0.02
638,2024-03-28,KO,0.02
639,2024-03-28,NOW,0.02
640,2024-03-28,VZ,0.02
641,2024-03-28,WFC,0.02
642,2024-03-28,CMCSA,0.02
643,2024-03-28,SHOP,0.02
644,2024-03-28,INTU,0.02
645,2024-03-28,BMY,0.02
646,2024-03-28,LRCX,0.02
647,2024-03-28,XYZ,0.02
648,2024-03-28,AFRM,0.02
649,2024-03-28,CVS,0.02
650,2024-04-30,TSLA,0.02
651,2024-04-30,NVDA,0.02
652,2024-04-30,AAPL,0.02
653,2024-04-30,AMD,0.02
654,2024-04-30,MSFT,0.02
655,2024-04-30,AMZN,0.02
656,2024-04-30,META,0.02
657,2024-04-30,GOOGL,0.02
658,2024-04-30,AVGO,0.02
659,2024-04-30,GOOG,0.02
660,2024-04-30,NFLX,0.02
661,2024-04-30,XOM,0.02
662,2024-04-30,INTC,0.02
663,2024-04-30,UBER,0.02
664,2024-04-30,COIN,0.02
665,2024-04-30,SMCI,0.02
666,2024-04-30,BABA,0.02
667,2024-04-30,CVX,0.02
668,2024-04-30,JPM,0.02
669,2024-04-30,CRM,0.02
670,2024-04-30,BAC,0.02
671,2024-04-30,MARA,0.02
672,2024-04-30,PFE,0.02
673,2024-04-30,WMT,0.02
674,2024-04-30,QCOM,0.02
675,2024-04-30,DIS,0.02
676,2024-04-30,MU,0.02
677,2024-04-30,TSM,0.02
678,2024-04-30,PYPL,0.02
679,2024-04-30,PLTR,0.02
680,2024-04-30,ORCL,0.02
681,2024-04-30,CSCO,0.02
682,2024-04-30,NKE,0.02
683,2024-04-30,SNOW,0.02
684,2024-04-30,C,0.02
685,2024-04-30,MRK,0.02
686,2024-04-30,PEP,0.02
687,2024-04-30,SBUX,0.02
688,2024-04-30,KO,0.02
689,2024-04-30,NOW,0.02
690,2024-04-30,VZ,0.02
691,2024-04-30,WFC,0.02
692,2024-04-30,CMCSA,0.02
693,2024-04-30,SHOP,0.02
694,2024-04-30,INTU,0.02
695,2024-04-30,BMY,0.02
696,2024-04-30,LRCX,0.02
697,2024-04-30,XYZ,0.02
698,2024-04-30,AFRM,0.02
699,2024-04-30,CVS,0.02
700,2024-05-31,TSLA,0.02
701,2024-05-31,NVDA,0.02
702,2024-05-31,AAPL,0.02
703,2024-05-31,AMD,0.02
704,2024-05-31,MSFT,0.02
705,2024-05-31,AMZN,0.02
706,2024-05-31,META,0.02
707,2024-05-31,GOOGL,0.02
708,2024-05-31,AVGO,0.02
709,2024-05-31,GOOG,0.02
710,2024-05-31,NFLX,0.02
711,2024-05-31,XOM,0.02
712,2024-05-31,INTC,0.02
713,2024-05-31,UBER,0.02
714,2024-05-31,COIN,0.02
715,2024-05-31,SMCI,0.02
716,2024-05-31,BABA,0.02
717,2024-05-31,CVX,0.02
718,2024-05-31,JPM,0.02
719,2024-05-31,CRM,0.02
720,2024-05-31,BAC,0.02
721,2024-05-31,MARA,0.02
722,2024-05-31,PFE,0.02
723,2024-05-31,WMT,0.02
724,2024-05-31,QCOM,0.02
725,2024-05-31,DIS,0.02
726,2024-05-31,MU,0.02
727,2024-05-31,TSM,0.02
728,2024-05-31,PYPL,0.02
729,2024-05-31,PLTR,0.02
730,2024-05-31,ORCL,0.02
731,2024-05-31,CSCO,0.02
732,2024-05-31,NKE,0.02
733,2024-05-31,SNOW,0.02
734,2024-05-31,C,0.02
735,2024-05-31,MRK,0.02
736,2024-05-31,PEP,0.02
737,2024-05-31,SBUX,0.02
738,2024-05-31,KO,0.02
739,2024-05-31,NOW,0.02
740,2024-05-31,VZ,0.02
741,2024-05-31,WFC,0.02
742,2024-05-31,CMCSA,0.02
743,2024-05-31,SHOP,0.02
744,2024-05-31,INTU,0.02
745,2024-05-31,BMY,0.02
746,2024-05-31,LRCX,0.02
747,2024-05-31,XYZ,0.02
748,2024-05-31,AFRM,0.02
749,2024-05-31,CVS,0.02
750,2024-06-28,TSLA,0.02
751,2024-06-28,NVDA,0.02
752,2024-06-28,AAPL,0.02
753,2024-06-28,AMD,0.02
754,2024-06-28,MSFT,0.02
755,2024-06-28,AMZN,0.02
756,2024-06-28,META,0.02
757,2024-06-28,GOOGL,0.02
758,2024-06-28,AVGO,0.02
759,2024-06-28,GOOG,0.02
760,2024-06-28,NFLX,0.02
761,2024-06-28,XOM,0.02
762,2024-06-28,INTC,0.02
763,2024-06-28,UBER,0.02
764,2024-06-28,COIN,0.02
765,2024-06-28,SMCI,0.02
766,2024-06-28,BABA,0.02
767,2024-06-28,CVX,0.02
768,2024-06-28,JPM,0.02
769,2024-06-28,CRM,0.02
770,2024-06-28,BAC,0.02
771,2024-06-28,MARA,0.02
772,2024-06-28,PFE,0.02
773,2024-06-28,WMT,0.02
774,2024-06-28,QCOM,0.02
775,2024-06-28,DIS,0.02
776,2024-06-28,MU,0.02
777,2024-06-28,TSM,0.02
778,2024-06-28,PYPL,0.02
779,2024-06-28,PLTR,0.02
780,2024-06-28,ORCL,0.02
781,2024-06-28,CSCO,0.02
782,2024-06-28,NKE,0.02
783,2024-06-28,SNOW,0.02
784,2024-06-28,C,0.02
785,2024-06-28,MRK,0.02
786,2024-06-28,PEP,0.02
787,2024-06-28,SBUX,0.02
788,2024-06-28,KO,0.02
789,2024-06-28,NOW,0.02
790,2024-06-28,VZ,0.02
791,2024-06-28,WFC,0.02
792,2024-06-28,CMCSA,0.02
793,2024-06-28,SHOP,0.02
794,2024-06-28,INTU,0.02
795,2024-06-28,BMY,0.02
796,2024-06-28,LRCX,0.02
797,2024-06-28,XYZ,0.02
798,2024-06-28,AFRM,0.02
799,2024-06-28,CVS,0.02
800,2024-07-31,TSLA,0.02
801,2024-07-31,NVDA,0.02
802,2024-07-31,AAPL,0.02
803,2024-07-31,AMD,0.02
804,2024-07-31,MSFT,0.02
805,2024-07-31,AMZN,0.02
806,2024-07-31,META,0.02
807,2024-07-31,GOOGL,0.02
808,2024-07-31,AVGO,0.02
809,2024-07-31,GOOG,0.02
810,2024-07-31,NFLX,0.02
811,2024-07-31,XOM,0.02
812,2024-07-31,INTC,0.02
813,2024-07-31,UBER,0.02
814,2024-07-31,COIN,0.02
815,2024-07-31,SMCI,0.02
816,2024-07-31,BABA,0.02
817,2024-07-31,CVX,0.02
818,2024-07-31,JPM,0.02
819,2024-07-31,CRM,0.02
820,2024-07-31,BAC,0.02
821,2024-07-31,MARA,0.02
822,2024-07-31,PFE,0.02
823,2024-07-31,WMT,0.02
824,2024-07-31,QCOM,0.02
825,2024-07-31,DIS,0.02
826,2024-07-31,MU,0.02
827,2024-07-31,TSM,0.02
828,2024-07-31,PYPL,0.02
829,2024-07-31,PLTR,0.02
830,2024-07-31,ORCL,0.02
831,2024-07-31,CSCO,0.02
832,2024-07-31,NKE,0.02
833,2024-07-31,SNOW,0.02
834,2024-07-31,C,0.02
835,2024-07-31,MRK,0.02
836,2024-07-31,PEP,0.02
837,2024-07-31,SBUX,0.02
838,2024-07-31,KO,0.02
839,2024-07-31,NOW,0.02
840,2024-07-31,VZ,0.02
841,2024-07-31,WFC,0.02
842,2024-07-31,CMCSA,0.02
843,2024-07-31,SHOP,0.02
844,2024-07-31,INTU,0.02
845,2024-07-31,BMY,0.02
846,2024-07-31,LRCX,0.02
847,2024-07-31,XYZ,0.02
848,2024-07-31,AFRM,0.02
849,2024-07-31,CVS,0.02
850,2024-08-30,TSLA,0.02
851,2024-08-30,NVDA,0.02
852,2024-08-30,AAPL,0.02
853,2024-08-30,AMD,0.02
854,2024-08-30,MSFT,0.02
855,2024-08-30,AMZN,0.02
856,2024-08-30,META,0.02
857,2024-08-30,GOOGL,0.02
858,2024-08-30,AVGO,0.02
859,2024-08-30,GOOG,0.02
860,2024-08-30,NFLX,0.02
861,2024-08-30,XOM,0.02
862,2024-08-30,INTC,0.02
863,2024-08-30,UBER,0.02
864,2024-08-30,COIN,0.02
865,2024-08-30,SMCI,0.02
866,2024-08-30,BABA,0.02
867,2024-08-30,CVX,0.02
868,2024-08-30,JPM,0.02
869,2024-08-30,CRM,0.02
870,2024-08-30,BAC,0.02
871,2024-08-30,MARA,0.02
872,2024-08-30,PFE,0.02
873,2024-08-30,WMT,0.02
874,2024-08-30,QCOM,0.02
875,2024-08-30,DIS,0.02
876,2024-08-30,MU,0.02
877,2024-08-30,TSM,0.02
878,2024-08-30,PYPL,0.02
879,2024-08-30,PLTR,0.02
880,2024-08-30,ORCL,0.02
881,2024-08-30,CSCO,0.02
882,2024-08-30,NKE,0.02
883,2024-08-30,SNOW,0.02
884,2024-08-30,C,0.02
885,2024-08-30,MRK,0.02
886,2024-08-30,PEP,0.02
887,2024-08-30,SBUX,0.02
888,2024-08-30,KO,0.02
889,2024-08-30,NOW,0.02
890,2024-08-30,VZ,0.02
891,2024-08-30,WFC,0.02
892,2024-08-30,CMCSA,0.02
893,2024-08-30,SHOP,0.02
894,2024-08-30,INTU,0.02
895,2024-08-30,BMY,0.02
896,2024-08-30,LRCX,0.02
897,2024-08-30,XYZ,0.02
898,2024-08-30,AFRM,0.02
899,2024-08-30,CVS,0.02
900,2024-09-30,TSLA,0.02
901,2024-09-30,NVDA,0.02
902,2024-09-30,AAPL,0.02
903,2024-09-30,AMD,0.02
904,2024-09-30,MSFT,0.02
905,2024-09-30,AMZN,0.02
906,2024-09-30,META,0.02
907,2024-09-30,GOOGL,0.02
908,2024-09-30,AVGO,0.02
909,2024-09-30,GOOG,0.02
910,2024-09-30,NFLX,0.02
911,2024-09-30,XOM,0.02
912,2024-09-30,INTC,0.02
913,2024-09-30,UBER,0.02
914,2024-09-30,COIN,0.02
915,2024-09-30,SMCI,0.02
916,2024-09-30,BABA,0.02
917,2024-09-30,CVX,0.02
918,2024-09-30,JPM,0.02
919,2024-09-30,CRM,0.02
920,2024-09-30,BAC,0.02
921,2024-09-30,MARA,0.02
922,2024-09-30,PFE,0.02
923,2024-09-30,WMT,0.02
924,2024-09-30,QCOM,0.02
925,2024-09-30,DIS,0.02
926,2024-09-30,MU,0.02
927,2024-09-30,TSM,0.02
928,2024-09-30,PYPL,0.02
929,2024-09-30,PLTR,0.02
930,2024-09-30,ORCL,0.02
931,2024-09-30,CSCO,0.02
932,2024-09-30,NKE,0.02
933,2024-09-30,SNOW,0.02
934,2024-09-30,C,0.02
935,2024-09-30,MRK,0.02
936,2024-09-30,PEP,0.02
937,2024-09-30,SBUX,0.02
938,2024-09-30,KO,0.02
939,2024-09-30,NOW,0.02
940,2024-09-30,VZ,0.02
941,2024-09-30,WFC,0.02
942,2024-09-30,CMCSA,0.02
943,2024-09-30,SHOP,0.02
944,2024-09-30,INTU,0.02
945,2024-09-30,BMY,0.02
946,2024-09-30,LRCX,0.02
947,2024-09-30,XYZ,0.02
948,2024-09-30,AFRM,0.02
949,2024-09-30,CVS,0.02
950,2024-10-31,TSLA,0.02
951,2024-10-31,NVDA,0.02
952,2024-10-31,AAPL,0.02
953,2024-10-31,AMD,0.02
954,2024-10-31,MSFT,0.02
955,2024-10-31,AMZN,0.02
956,2024-10-31,META,0.02
957,2024-10-31,GOOGL,0.02
958,2024-10-31,AVGO,0.02
959,2024-10-31,GOOG,0.02
960,2024-10-31,NFLX,0.02
961,2024-10-31,XOM,0.02
962,2024-10-31,INTC,0.02
963,2024-10-31,UBER,0.02
964,2024-10-31,COIN,0.02
965,2024-10-31,SMCI,0.02
966,2024-10-31,BABA,0.02
967,2024-10-31,CVX,0.02
968,2024-10-31,JPM,0.02
969,2024-10-31,CRM,0.02
970,2024-10-31,BAC,0.02
971,2024-10-31,MARA,0.02
972,2024-10-31,PFE,0.02
973,2024-10-31,WMT,0.02
974,2024-10-31,QCOM,0.02
975,2024-10-31,DIS,0.02
976,2024-10-31,MU,0.02
977,2024-10-31,TSM,0.02
978,2024-10-31,PYPL,0.02
979,2024-10-31,PLTR,0.02
980,2024-10-31,ORCL,0.02
981,2024-10-31,CSCO,0.02
982,2024-10-31,NKE,0.02
983,2024-10-31,SNOW,0.02
984,2024-10-31,C,0.02
985,2024-10-31,MRK,0.02
986,2024-10-31,PEP,0.02
987,2024-10-31,SBUX,0.02
988,2024-10-31,KO,0.02
989,2024-10-31,NOW,0.02
990,2024-10-31,VZ,0.02
991,2024-10-31,WFC,0.02
992,2024-10-31,CMCSA,0.02
993,2024-10-31,SHOP,0.02
994,2024-10-31,INTU,0.02
995,2024-10-31,BMY,0.02
996,2024-10-31,LRCX,0.02
997,2024-10-31,XYZ,0.02
998,2024-10-31,AFRM,0.02
999,2024-10-31,CVS,0.02
1000,2024-11-29,TSLA,0.02
1001,2024-11-29,NVDA,0.02
1002,2024-11-29,AAPL,0.02
1003,2024-11-29,AMD,0.02
1004,2024-11-29,MSFT,0.02
1005,2024-11-29,AMZN,0.02
1006,2024-11-29,META,0.02
1007,2024-11-29,GOOGL,0.02
1008,2024-11-29,AVGO,0.02
1009,2024-11-29,GOOG,0.02
1010,2024-11-29,NFLX,0.02
1011,2024-11-29,XOM,0.02
1012,2024-11-29,INTC,0.02
1013,2024-11-29,UBER,0.02
1014,2024-11-29,COIN,0.02
1015,2024-11-29,SMCI,0.02
1016,2024-11-29,BABA,0.02
1017,2024-11-29,CVX,0.02
1018,2024-11-29,JPM,0.02
1019,2024-11-29,CRM,0.02
1020,2024-11-29,BAC,0.02
1021,2024-11-29,MARA,0.02
1022,2024-11-29,PFE,0.02
1023,2024-11-29,WMT,0.02
1024,2024-11-29,QCOM,0.02
1025,2024-11-29,DIS,0.02
1026,2024-11-29,MU,0.02
1027,2024-11-29,TSM,0.02
1028,2024-11-29,PYPL,0.02
1029,2024-11-29,PLTR,0.02
1030,2024-11-29,ORCL,0.02
1031,2024-11-29,CSCO,0.02
1032,2024-11-29,NKE,0.02
1033,2024-11-29,SNOW,0.02
1034,2024-11-29,C,0.02
1035,2024-11-29,MRK,0.02
1036,2024-11-29,PEP,0.02
1037,2024-11-29,SBUX,0.02
1038,2024-11-29,KO,0.02
1039,2024-11-29,NOW,0.02
1040,2024-11-29,VZ,0.02
1041,2024-11-29,WFC,0.02
1042,2024-11-29,CMCSA,0.02
1043,2024-11-29,SHOP,0.02
1044,2024-11-29,INTU,0.02
1045,2024-11-29,BMY,0.02
1046,2024-11-29,LRCX,0.02
1047,2024-11-29,XYZ,0.02
1048,2024-11-29,AFRM,0.02
1049,2024-11-29,CVS,0.02
1050,2024-12-31,TSLA,0.02
1051,2024-12-31,NVDA,0.02
1052,2024-12-31,AAPL,0.02
1053,2024-12-31,AMD,0.02
1054,2024-12-31,MSFT,0.02
1055,2024-12-31,AMZN,0.02
1056,2024-12-31,META,0.02
1057,2024-12-31,GOOGL,0.02
1058,2024-12-31,AVGO,0.02
1059,2024-12-31,GOOG,0.02
1060,2024-12-31,NFLX,0.02
1061,2024-12-31,XOM,0.02
1062,2024-12-31,INTC,0.02
1063,2024-12-31,UBER,0.02
1064,2024-12-31,COIN,0.02
1065,2024-12-31,SMCI,0.02
1066,2024-12-31,BABA,0.02
1067,2024-12-31,CVX,0.02
1068,2024-12-31,JPM,0.02
1069,2024-12-31,CRM,0.02
1070,2024-12-31,BAC,0.02
1071,2024-12-31,MARA,0.02
1072,2024-12-31,PFE,0.02
1073,2024-12-31,WMT,0.02
1074,2024-12-31,QCOM,0.02
1075,2024-12-31,DIS,0.02
1076,2024-12-31,MU,0.02
1077,2024-12-31,TSM,0.02
1078,2024-12-31,PYPL,0.02
1079,2024-12-31,PLTR,0.02
1080,2024-12-31,ORCL,0.02
1081,2024-12-31,CSCO,0.02
1082,2024-12-31,NKE,0.02
1083,2024-12-31,SNOW,0.02
1084,2024-12-31,C,0.02
1085,2024-12-31,MRK,0.02
1086,2024-12-31,PEP,0.02
1087,2024-12-31,SBUX,0.02
1088,2024-12-31,KO,0.02
1089,2024-12-31,NOW,0.02
1090,2024-12-31,VZ,0.02
1091,2024-12-31,WFC,0.02
1092,2024-12-31,CMCSA,0.02
1093,2024-12-31,SHOP,0.02
1094,2024-12-31,INTU,0.02
1095,2024-12-31,BMY,0.02
1096,2024-12-31,LRCX,0.02
1097,2024-12-31,XYZ,0.02
1098,2024-12-31,AFRM,0.02
1099,2024-12-31,CVS,0.02
1100,2025-01-31,TSLA,0.02
1101,2025-01-31,NVDA,0.02
1102,2025-01-31,AAPL,0.02
1103,2025-01-31,MSTR,0.02
1104,2025-01-31,MSFT,0.02
1105,2025-01-31,META,0.02
1106,2025-01-31,AMZN,0.02
1107,2025-01-31,AVGO,0.02
1108,2025-01-31,PLTR,0.02
1109,2025-01-31,GOOGL,0.02
1110,2025-01-31,AMD,0.02
1111,2025-01-31,COIN,0.02
1112,2025-01-31,GOOG,0.02
1113,2025-01-31,NFLX,0.02
1114,2025-01-31,TSM,0.02
1115,2025-01-31,SMCI,0.02
1116,2025-01-31,JPM,0.02
1117,2025-01-31,MU,0.02
1118,2025-01-31,CRM,0.02
1119,2025-01-31,ORCL,0.02
1120,2025-01-31,XOM,0.02
1121,2025-01-31,UBER,0.02
1122,2025-01-31,INTC,0.02
1123,2025-01-31,BAC,0.02
1124,2025-01-31,WMT,0.02
1125,2025-01-31,MRVL,0.02
1126,2025-01-31,BABA,0.02
1127,2025-01-31,NOW,0.02
1128,2025-01-31,RGTI,0.02
1129,2025-01-31,QCOM,0.02
1130,2025-01-31,CVX,0.02
1131,2025-01-31,MARA,0.02
1132,2025-01-31,WFC,0.02
1133,2025-01-31,MRK,0.02
1134,2025-01-31,CSCO,0.02
1135,2025-01-31,PFE,0.02
1136,2025-01-31,SNOW,0.02
1137,2025-01-31,INTU,0.02
1138,2025-01-31,KO,0.02
1139,2025-01-31,IONQ,0.02
1140,2025-01-31,C,0.02
1141,2025-01-31,SOUN,0.02
1142,2025-01-31,DELL,0.02
1143,2025-01-31,DIS,0.02
1144,2025-01-31,PEP,0.02
1145,2025-01-31,APO,0.02
1146,2025-01-31,HOOD,0.02
1147,2025-01-31,NKE,0.02
1148,2025-01-31,LRCX,0.02
1149,2025-01-31,WDAY,0.02
1150,2025-02-28,TSLA,0.02
1151,2025-02-28,NVDA,0.02
1152,2025-02-28,AAPL,0.02
1153,2025-02-28,MSTR,0.02
1154,2025-02-28,MSFT,0.02
1155,2025-02-28,META,0.02
1156,2025-02-28,AMZN,0.02
1157,2025-02-28,AVGO,0.02
1158,2025-02-28,PLTR,0.02
1159,2025-02-28,GOOGL,0.02
1160,2025-02-28,AMD,0.02
1161,2025-02-28,COIN,0.02
1162,2025-02-28,GOOG,0.02
1163,2025-02-28,NFLX,0.02
1164,2025-02-28,TSM,0.02
1165,2025-02-28,SMCI,0.02
1166,2025-02-28,JPM,0.02
1167,2025-02-28,MU,0.02
1168,2025-02-28,CRM,0.02
1169,2025-02-28,ORCL,0.02
1170,2025-02-28,XOM,0.02
1171,2025-02-28,UBER,0.02
1172,2025-02-28,INTC,0.02
1173,2025-02-28,BAC,0.02
1174,2025-02-28,WMT,0.02
1175,2025-02-28,MRVL,0.02
1176,2025-02-28,BABA,0.02
1177,2025-02-28,NOW,0.02
1178,2025-02-28,RGTI,0.02
1179,2025-02-28,QCOM,0.02
1180,2025-02-28,CVX,0.02
1181,2025-02-28,MARA,0.02
1182,2025-02-28,WFC,0.02
1183,2025-02-28,MRK,0.02
1184,2025-02-28,CSCO,0.02
1185,2025-02-28,PFE,0.02
1186,2025-02-28,SNOW,0.02
1187,2025-02-28,INTU,0.02
1188,2025-02-28,KO,0.02
1189,2025-02-28,IONQ,0.02
1190,2025-02-28,C,0.02
1191,2025-02-28,SOUN,0.02
1192,2025-02-28,DELL,0.02
1193,2025-02-28,DIS,0.02
1194,2025-02-28,PEP,0.02
1195,2025-02-28,APO,0.02
1196,2025-02-28,HOOD,0.02
1197,2025-02-28,NKE,0.02
1198,2025-02-28,LRCX,0.02
1199,2025-02-28,WDAY,0.02
1200,2025-03-31,TSLA,0.02
1201,2025-03-31,NVDA,0.02
1202,2025-03-31,AAPL,0.02
1203,2025-03-31,MSTR,0.02
1204,2025-03-31,MSFT,0.02
1205,2025-03-31,META,0.02
1206,2025-03-31,AMZN,0.02
1207,2025-03-31,AVGO,0.02
1208,2025-03-31,PLTR,0.02
1209,2025-03-31,GOOGL,0.02
1210,2025-03-31,AMD,0.02
1211,2025-03-31,COIN,0.02
1212,2025-03-31,GOOG,0.02
1213,2025-03-31,NFLX,0.02
1214,2025-03-31,TSM,0.02
1215,2025-03-31,SMCI,0.02
1216,2025-03-31,JPM,0.02
1217,2025-03-31,MU,0.02
1218,2025-03-31,CRM,0.02
1219,2025-03-31,ORCL,0.02
1220,2025-03-31,XOM,0.02
1221,2025-03-31,UBER,0.02
1222,2025-03-31,INTC,0.02
1223,2025-03-31,BAC,0.02
1224,2025-03-31,WMT,0.02
1225,2025-03-31,MRVL,0.02
1226,2025-03-31,BABA,0.02
1227,2025-03-31,NOW,0.02
1228,2025-03-31,RGTI,0.02
1229,2025-03-31,QCOM,0.02
1230,2025-03-31,CVX,0.02
1231,2025-03-31,MARA,0.02
1232,2025-03-31,WFC,0.02
1233,2025-03-31,MRK,0.02
1234,2025-03-31,CSCO,0.02
1235,2025-03-31,PFE,0.02
1236,2025-03-31,SNOW,0.02
1237,2025-03-31,INTU,0.02
1238,2025-03-31,KO,0.02
1239,2025-03-31,IONQ,0.02
1240,2025-03-31,C,0.02
1241,2025-03-31,SOUN,0.02
1242,2025-03-31,DELL,0.02
1243,2025-03-31,DIS,0.02
1244,2025-03-31,PEP,0.02
1245,2025-03-31,APO,0.02
1246,2025-03-31,HOOD,0.02
1247,2025-03-31,NKE,0.02
1248,2025-03-31,LRCX,0.02
1249,2025-03-31,WDAY,0.02
1250,2025-04-30,TSLA,0.02
1251,2025-04-30,NVDA,0.02
1252,2025-04-30,AAPL,0.02
1253,2025-04-30,MSTR,0.02
1254,2025-04-30,MSFT,0.02
1255,2025-04-30,META,0.02
1256,2025-04-30,AMZN,0.02
1257,2025-04-30,AVGO,0.02
1258,2025-04-30,PLTR,0.02
1259,2025-04-30,GOOGL,0.02
1260,2025-04-30,AMD,0.02
1261,2025-04-30,COIN,0.02
1262,2025-04-30,GOOG,0.02
1263,2025-04-30,NFLX,0.02
1264,2025-04-30,TSM,0.02
1265,2025-04-30,SMCI,0.02
1266,2025-04-30,JPM,0.02
1267,2025-04-30,MU,0.02
1268,2025-04-30,CRM,0.02
1269,2025-04-30,ORCL,0.02
1270,2025-04-30,XOM,0.02
1271,2025-04-30,UBER,0.02
1272,2025-04-30,INTC,0.02
1273,2025-04-30,BAC,0.02
1274,2025-04-30,WMT,0.02
1275,2025-04-30,MRVL,0.02
1276,2025-04-30,BABA,0.02
1277,2025-04-30,NOW,0.02
1278,2025-04-30,RGTI,0.02
1279,2025-04-30,QCOM,0.02
1280,2025-04-30,CVX,0.02
1281,2025-04-30,MARA,0.02
1282,2025-04-30,WFC,0.02
1283,2025-04-30,MRK,0.02
1284,2025-04-30,CSCO,0.02
1285,2025-04-30,PFE,0.02
1286,2025-04-30,SNOW,0.02
1287,2025-04-30,INTU,0.02
1288,2025-04-30,KO,0.02
1289,2025-04-30,IONQ,0.02
1290,2025-04-30,C,0.02
1291,2025-04-30,SOUN,0.02
1292,2025-04-30,DELL,0.02
1293,2025-04-30,DIS,0.02
1294,2025-04-30,PEP,0.02
1295,2025-04-30,APO,0.02
1296,2025-04-30,HOOD,0.02
1297,2025-04-30,NKE,0.02
1298,2025-04-30,LRCX,0.02
1299,2025-04-30,WDAY,0.02
1300,2025-05-30,TSLA,0.02
1301,2025-05-30,NVDA,0.02
1302,2025-05-30,AAPL,0.02
1303,2025-05-30,MSTR,0.02
1304,2025-05-30,MSFT,0.02
1305,2025-05-30,META,0.02
1306,2025-05-30,AMZN,0.02
1307,2025-05-30,AVGO,0.02
1308,2025-05-30,PLTR,0.02
1309,2025-05-30,GOOGL,0.02
1310,2025-05-30,AMD,0.02
1311,2025-05-30,COIN,0.02
1312,2025-05-30,GOOG,0.02
1313,2025-05-30,NFLX,0.02
1314,2025-05-30,TSM,0.02
1315,2025-05-30,SMCI,0.02
1316,2025-05-30,JPM,0.02
1317,2025-05-30,MU,0.02
1318,2025-05-30,CRM,0.02
1319,2025-05-30,ORCL,0.02
1320,2025-05-30,XOM,0.02
1321,2025-05-30,UBER,0.02
1322,2025-05-30,INTC,0.02
1323,2025-05-30,BAC,0.02
1324,2025-05-30,WMT,0.02
1325,2025-05-30,MRVL,0.02
1326,2025-05-30,BABA,0.02
1327,2025-05-30,NOW,0.02
1328,2025-05-30,RGTI,0.02
1329,2025-05-30,QCOM,0.02
1330,2025-05-30,CVX,0.02
1331,2025-05-30,MARA,0.02
1332,2025-05-30,WFC,0.02
1333,2025-05-30,MRK,0.02
1334,2025-05-30,CSCO,0.02
1335,2025-05-30,PFE,0.02
1336,2025-05-30,SNOW,0.02
1337,2025-05-30,INTU,0.02
1338,2025-05-30,KO,0.02
1339,2025-05-30,IONQ,0.02
1340,2025-05-30,C,0.02
1341,2025-05-30,SOUN,0.02
1342,2025-05-30,DELL,0.02
1343,2025-05-30,DIS,0.02
1344,2025-05-30,PEP,0.02
1345,2025-05-30,APO,0.02
1346,2025-05-30,HOOD,0.02
1347,2025-05-30,NKE,0.02
1348,2025-05-30,LRCX,0.02
1349,2025-05-30,WDAY,0.02
1350,2025-06-30,TSLA,0.02
1351,2025-06-30,NVDA,0.02
1352,2025-06-30,AAPL,0.02
1353,2025-06-30,MSTR,0.02
1354,2025-06-30,MSFT,0.02
1355,2025-06-30,META,0.02
1356,2025-06-30,AMZN,0.02
1357,2025-06-30,AVGO,0.02
1358,2025-06-30,PLTR,0.02
1359,2025-06-30,GOOGL,0.02
1360,2025-06-30,AMD,0.02
1361,2025-06-30,COIN,0.02
1362,2025-06-30,GOOG,0.02
1363,2025-06-30,NFLX,0.02
1364,2025-06-30,TSM,0.02
1365,2025-06-30,SMCI,0.02
1366,2025-06-30,JPM,0.02
1367,2025-06-30,MU,0.02
1368,2025-06-30,CRM,0.02
1369,2025-06-30,ORCL,0.02
1370,2025-06-30,XOM,0.02
1371,2025-06-30,UBER,0.02
1372,2025-06-30,INTC,0.02
1373,2025-06-30,BAC,0.02
1374,2025-06-30,WMT,0.02
1375,2025-06-30,MRVL,0.02
1376,2025-06-30,BABA,0.02
1377,2025-06-30,NOW,0.02
1378,2025-06-30,RGTI,0.02
1379,2025-06-30,QCOM,0.02
1380,2025-06-30,CVX,0.02
1381,2025-06-30,MARA,0.02
1382,2025-06-30,WFC,0.02
1383,2025-06-30,MRK,0.02
1384,2025-06-30,CSCO,0.02
1385,2025-06-30,PFE,0.02
1386,2025-06-30,SNOW,0.02
1387,2025-06-30,INTU,0.02
1388,2025-06-30,KO,0.02
1389,2025-06-30,IONQ,0.02
1390,2025-06-30,C,0.02
1391,2025-06-30,SOUN,0.02
1392,2025-06-30,DELL,0.02
1393,2025-06-30,DIS,0.02
1394,2025-06-30,PEP,0.02
1395,2025-06-30,APO,0.02
1396,2025-06-30,HOOD,0.02
1397,2025-06-30,NKE,0.02
1398,2025-06-30,LRCX,0.02
1399,2025-06-30,WDAY,0.02
1400,2025-07-31,TSLA,0.02
1401,2025-07-31,NVDA,0.02
1402,2025-07-31,AAPL,0.02
1403,2025-07-31,MSTR,0.02
1404,2025-07-31,MSFT,0.02
1405,2025-07-31,META,0.02
1406,2025-07-31,AMZN,0.02
1407,2025-07-31,AVGO,0.02
1408,2025-07-31,PLTR,0.02
1409,2025-07-31,GOOGL,0.02
1410,2025-07-31,AMD,0.02
1411,2025-07-31,COIN,0.02
1412,2025-07-31,GOOG,0.02
1413,2025-07-31,NFLX,0.02
1414,2025-07-31,TSM,0.02
1415,2025-07-31,SMCI,0.02
1416,2025-07-31,JPM,0.02
1417,2025-07-31,MU,0.02
1418,2025-07-31,CRM,0.02
1419,2025-07-31,ORCL,0.02
1420,2025-07-31,XOM,0.02
1421,2025-07-31,UBER,0.02
1422,2025-07-31,INTC,0.02
1423,2025-07-31,BAC,0.02
1424,2025-07-31,WMT,0.02
1425,2025-07-31,MRVL,0.02
1426,2025-07-31,BABA,0.02
1427,2025-07-31,NOW,0.02
1428,2025-07-31,RGTI,0.02
1429,2025-07-31,QCOM,0.02
1430,2025-07-31,CVX,0.02
1431,2025-07-31,MARA,0.02
1432,2025-07-31,WFC,0.02
1433,2025-07-31,MRK,0.02
1434,2025-07-31,CSCO,0.02
1435,2025-07-31,PFE,0.02
1436,2025-07-31,SNOW,0.02
1437,2025-07-31,INTU,0.02
1438,2025-07-31,KO,0.02
1439,2025-07-31,IONQ,0.02
1440,2025-07-31,C,0.02
1441,2025-07-31,SOUN,0.02
1442,2025-07-31,DELL,0.02
1443,2025-07-31,DIS,0.02
1444,2025-07-31,PEP,0.02
1445,2025-07-31,APO,0.02
1446,2025-07-31,HOOD,0.02
1447,2025-07-31,NKE,0.02
1448,2025-07-31,LRCX,0.02
1449,2025-07-31,WDAY,0.02
1450,2025-08-29,TSLA,0.02
1451,2025-08-29,NVDA,0.02
1452,2025-08-29,AAPL,0.02
1453,2025-08-29,MSTR,0.02
1454,2025-08-29,MSFT,0.02
1455,2025-08-29,META,0.02
1456,2025-08-29,AMZN,0.02
1457,2025-08-29,AVGO,0.02
1458,2025-08-29,PLTR,0.02
1459,2025-08-29,GOOGL,0.02
1460,2025-08-29,AMD,0.02
1461,2025-08-29,COIN,0.02
1462,2025-08-29,GOOG,0.02
1463,2025-08-29,NFLX,0.02
1464,2025-08-29,TSM,0.02
1465,2025-08-29,SMCI,0.02
1466,2025-08-29,JPM,0.02
1467,2025-08-29,MU,0.02
1468,2025-08-29,CRM,0.02
1469,2025-08-29,ORCL,0.02
1470,2025-08-29,XOM,0.02
1471,2025-08-29,UBER,0.02
1472,2025-08-29,INTC,0.02
1473,2025-08-29,BAC,0.02
1474,2025-08-29,WMT,0.02
1475,2025-08-29,MRVL,0.02
1476,2025-08-29,BABA,0.02
1477,2025-08-29,NOW,0.02
1478,2025-08-29,RGTI,0.02
1479,2025-08-29,QCOM,0.02
1480,2025-08-29,CVX,0.02
1481,2025-08-29,MARA,0.02
1482,2025-08-29,WFC,0.02
1483,2025-08-29,MRK,0.02
1484,2025-08-29,CSCO,0.02
1485,2025-08-29,PFE,0.02
1486,2025-08-29,SNOW,0.02
1487,2025-08-29,INTU,0.02
1488,2025-08-29,KO,0.02
1489,2025-08-29,IONQ,0.02
1490,2025-08-29,C,0.02
1491,2025-08-29,SOUN,0.02
1492,2025-08-29,DELL,0.02
1493,2025-08-29,DIS,0.02
1494,2025-08-29,PEP,0.02
1495,2025-08-29,APO,0.02
1496,2025-08-29,HOOD,0.02
1497,2025-08-29,NKE,0.02
1498,2025-08-29,LRCX,0.02
1499,2025-08-29,WDAY,0.02
1500,2025-09-30,TSLA,0.02
1501,2025-09-30,NVDA,0.02
1502,2025-09-30,AAPL,0.02
1503,2025-09-30,MSTR,0.02
1504,2025-09-30,MSFT,0.02
1505,2025-09-30,META,0.02
1506,2025-09-30,AMZN,0.02
1507,2025-09-30,AVGO,0.02
1508,2025-09-30,PLTR,0.02
1509,2025-09-30,GOOGL,0.02
1510,2025-09-30,AMD,0.02
1511,2025-09-30,COIN,0.02
1512,2025-09-30,GOOG,0.02
1513,2025-09-30,NFLX,0.02
1514,2025-09-30,TSM,0.02
1515,2025-09-30,SMCI,0.02
1516,2025-09-30,JPM,0.02
1517,2025-09-30,MU,0.02
1518,2025-09-30,CRM,0.02
1519,2025-09-30,ORCL,0.02
1520,2025-09-30,XOM,0.02
1521,2025-09-30,UBER,0.02
1522,2025-09-30,INTC,0.02
1523,2025-09-30,BAC,0.02
1524,2025-09-30,WMT,0.02
1525,2025-09-30,MRVL,0.02
1526,2025-09-30,BABA,0.02
1527,2025-09-30,NOW,0.02
1528,2025-09-30,RGTI,0.02
1529,2025-09-30,QCOM,0.02
1530,2025-09-30,CVX,0.02
1531,2025-09-30,MARA,0.02
1532,2025-09-30,WFC,0.02
1533,2025-09-30,MRK,0.02
1534,2025-09-30,CSCO,0.02
1535,2025-09-30,PFE,0.02
1536,2025-09-30,SNOW,0.02
1537,2025-09-30,INTU,0.02
1538,2025-09-30,KO,0.02
1539,2025-09-30,IONQ,0.02
1540,2025-09-30,C,0.02
1541,2025-09-30,SOUN,0.02
1542,2025-09-30,DELL,0.02
1543,2025-09-30,DIS,0.02
1544,2025-09-30,PEP,0.02
1545,2025-09-30,APO,0.02
1546,2025-09-30,HOOD,0.02
1547,2025-09-30,NKE,0.02
1548,2025-09-30,LRCX,0.02
1549,2025-09-30,WDAY,0.02
1550,2025-10-31,TSLA,0.02
1551,2025-10-31,NVDA,0.02
1552,2025-10-31,AAPL,0.02
1553,2025-10-31,MSTR,0.02
1554,2025-10-31,MSFT,0.02
1555,2025-10-31,META,0.02
1556,2025-10-31,AMZN,0.02
1557,2025-10-31,AVGO,0.02
1558,2025-10-31,PLTR,0.02
1559,2025-10-31,GOOGL,0.02
1560,2025-10-31,AMD,0.02
1561,2025-10-31,COIN,0.02
1562,2025-10-31,GOOG,0.02
1563,2025-10-31,NFLX,0.02
1564,2025-10-31,TSM,0.02
1565,2025-10-31,SMCI,0.02
1566,2025-10-31,JPM,0.02
1567,2025-10-31,MU,0.02
1568,2025-10-31,CRM,0.02
1569,2025-10-31,ORCL,0.02
1570,2025-10-31,XOM,0.02
1571,2025-10-31,UBER,0.02
1572,2025-10-31,INTC,0.02
1573,2025-10-31,BAC,0.02
1574,2025-10-31,WMT,0.02
1575,2025-10-31,MRVL,0.02
1576,2025-10-31,BABA,0.02
1577,2025-10-31,NOW,0.02
1578,2025-10-31,RGTI,0.02
1579,2025-10-31,QCOM,0.02
1580,2025-10-31,CVX,0.02
1581,2025-10-31,MARA,0.02
1582,2025-10-31,WFC,0.02
1583,2025-10-31,MRK,0.02
1584,2025-10-31,CSCO,0.02
1585,2025-10-31,PFE,0.02
1586,2025-10-31,SNOW,0.02
1587,2025-10-31,INTU,0.02
1588,2025-10-31,KO,0.02
1589,2025-10-31,IONQ,0.02
1590,2025-10-31,C,0.02
1591,2025-10-31,SOUN,0.02
1592,2025-10-31,DELL,0.02
1593,2025-10-31,DIS,0.02
1594,2025-10-31,PEP,0.02
1595,2025-10-31,APO,0.02
1596,2025-10-31,HOOD,0.02
1597,2025-10-31,NKE,0.02
1598,2025-10-31,LRCX,0.02
1599,2025-10-31,WDAY,0.02
1600,2025-11-28,TSLA,0.02
1601,2025-11-28,NVDA,0.02
1602,2025-11-28,AAPL,0.02
1603,2025-11-28,MSTR,0.02
1604,2025-11-28,MSFT,0.02
1605,2025-11-28,META,0.02
1606,2025-11-28,AMZN,0.02
1607,2025-11-28,AVGO,0.02
1608,2025-11-28,PLTR,0.02
1609,2025-11-28,GOOGL,0.02
1610,2025-11-28,AMD,0.02
1611,2025-11-28,COIN,0.02
1612,2025-11-28,GOOG,0.02
1613,2025-11-28,NFLX,0.02
1614,2025-11-28,TSM,0.02
1615,2025-11-28,SMCI,0.02
1616,2025-11-28,JPM,0.02
1617,2025-11-28,MU,0.02
1618,2025-11-28,CRM,0.02
1619,2025-11-28,ORCL,0.02
1620,2025-11-28,XOM,0.02
1621,2025-11-28,UBER,0.02
1622,2025-11-28,INTC,0.02
1623,2025-11-28,BAC,0.02
1624,2025-11-28,WMT,0.02
1625,2025-11-28,MRVL,0.02
1626,2025-11-28,BABA,0.02
1627,2025-11-28,NOW,0.02
1628,2025-11-28,RGTI,0.02
1629,2025-11-28,QCOM,0.02
1630,2025-11-28,CVX,0.02
1631,2025-11-28,MARA,0.02
1632,2025-11-28,WFC,0.02
1633,2025-11-28,MRK,0.02
1634,2025-11-28,CSCO,0.02
1635,2025-11-28,PFE,0.02
1636,2025-11-28,SNOW,0.02
1637,2025-11-28,INTU,0.02
1638,2025-11-28,KO,0.02
1639,2025-11-28,IONQ,0.02
1640,2025-11-28,C,0.02
1641,2025-11-28,SOUN,0.02
1642,2025-11-28,DELL,0.02
1643,2025-11-28,DIS,0.02
1644,2025-11-28,PEP,0.02
1645,2025-11-28,APO,0.02
1646,2025-11-28,HOOD,0.02
1647,2025-11-28,NKE,0.02
1648,2025-11-28,LRCX,0.02
1649,2025-11-28,WDAY,0.02
1650,2025-12-31,TSLA,0.02
1651,2025-12-31,NVDA,0.02
1652,2025-12-31,AAPL,0.02
1653,2025-12-31,MSTR,0.02
1654,2025-12-31,MSFT,0.02
1655,2025-12-31,META,0.02
1656,2025-12-31,AMZN,0.02
1657,2025-12-31,AVGO,0.02
1658,2025-12-31,PLTR,0.02
1659,2025-12-31,GOOGL,0.02
1660,2025-12-31,AMD,0.02
1661,2025-12-31,COIN,0.02
1662,2025-12-31,GOOG,0.02
1663,2025-12-31,NFLX,0.02
1664,2025-12-31,TSM,0.02
1665,2025-12-31,SMCI,0.02
1666,2025-12-31,JPM,0.02
1667,2025-12-31,MU,0.02
1668,2025-12-31,CRM,0.02
1669,2025-12-31,ORCL,0.02
1670,2025-12-31,XOM,0.02
1671,2025-12-31,UBER,0.02
1672,2025-12-31,INTC,0.02
1673,2025-12-31,BAC,0.02
1674,2025-12-31,WMT,0.02
1675,2025-12-31,MRVL,0.02
1676,2025-12-31,BABA,0.02
1677,2025-12-31,NOW,0.02
1678,2025-12-31,RGTI,0.02
1679,2025-12-31,QCOM,0.02
1680,2025-12-31,CVX,0.02
1681,2025-12-31,MARA,0.02
1682,2025-12-31,WFC,0.02
1683,2025-12-31,MRK,0.02
1684,2025-12-31,CSCO,0.02
1685,2025-12-31,PFE,0.02
1686,2025-12-31,SNOW,0.02
1687,2025-12-31,INTU,0.02
1688,2025-12-31,KO,0.02
1689,2025-12-31,IONQ,0.02
1690,2025-12-31,C,0.02
1691,2025-12-31,SOUN,0.02
1692,2025-12-31,DELL,0.02
1693,2025-12-31,DIS,0.02
1694,2025-12-31,PEP,0.02
1695,2025-12-31,APO,0.02
1696,2025-12-31,HOOD,0.02
1697,2025-12-31,NKE,0.02
1698,2025-12-31,LRCX,0.02
1699,2025-12-31,WDAY,0.02
1700,2026-01-30,NVDA,0.02
1701,2026-01-30,TSLA,0.02
1702,2026-01-30,MSFT,0.02
1703,2026-01-30,META,0.02
1704,2026-01-30,AAPL,0.02
1705,2026-01-30,GOOGL,0.02
1706,2026-01-30,AVGO,0.02
1707,2026-01-30,AMZN,0.02
1708,2026-01-30,AMD,0.02
1709,2026-01-30,MU,0.02
1710,2026-01-30,PLTR,0.02
1711,2026-01-30,GOOG,0.02
1712,2026-01-30,ORCL,0.02
1713,2026-01-30,NFLX,0.02
1714,2026-01-30,SNDK,0.02
1715,2026-01-30,INTC,0.02
1716,2026-01-30,TSM,0.02
1717,2026-01-30,MSTR,0.02
1718,2026-01-30,WMT,0.02
1719,2026-01-30,JPM,0.02
1720,2026-01-30,HOOD,0.02
1721,2026-01-30,CRWV,0.02
1722,2026-01-30,COIN,0.02
1723,2026-01-30,LRCX,0.02
1724,2026-01-30,XOM,0.02
1725,2026-01-30,BAC,0.02
1726,2026-01-30,BABA,0.02
1727,2026-01-30,CRM,0.02
1728,2026-01-30,IREN,0.02
1729,2026-01-30,UBER,0.02
1730,2026-01-30,NOW,0.02
1731,2026-01-30,PFE,0.02
1732,2026-01-30,SOFI,0.02
1733,2026-01-30,CSCO,0.02
1734,2026-01-30,RKLB,0.02
1735,2026-01-30,BE,0.02
1736,2026-01-30,CVX,0.02
1737,2026-01-30,NBIS,0.02
1738,2026-01-30,QCOM,0.02
1739,2026-01-30,C,0.02
1740,2026-01-30,MRVL,0.02
1741,2026-01-30,BMNR,0.02
1742,2026-01-30,MRK,0.02
1743,2026-01-30,WFC,0.02
1744,2026-01-30,INTU,0.02
1745,2026-01-30,SHOP,0.02
1746,2026-01-30,DIS,0.02
1747,2026-01-30,KO,0.02
1748,2026-01-30,ASTS,0.02
1749,2026-01-30,VZ,0.02
